Survived,Pclass,Sex,Age,SibSp,Parch,Fare,Embarked
0,1.0,1.0,0.43315207853187637,0.125,0.0,0.36814570743360975,1.0
1,0.0,0.0,0.5794308998041521,0.125,0.0,0.6150971127131478,0.0
1,1.0,0.0,0.4623461705678389,0.0,0.0,0.43828637974458046,1.0
1,0.0,0.0,0.5638056570361273,0.125,0.0,0.5951117782251508,1.0
0,1.0,1.0,0.5638056570361273,0.0,0.0,0.4483469373725304,1.0
0,1.0,1.0,0.4978259932790342,0.0,0.0,0.45708716171395325,0.5
0,0.0,1.0,0.6571603408131788,0.0,0.0,0.5893723924921064,1.0
0,1.0,1.0,0.3025785219266238,0.375,0.16666666666666666,0.5236656813522597,1.0
1,1.0,0.0,0.4675096096866259,0.0,0.3333333333333333,0.4783210927660373,1.0
1,0.5,0.0,0.3662656893461075,0.125,0.0,0.561381211262582,0.0
1,1.0,0.0,0.32945315255386226,0.125,0.16666666666666666,0.5133270005850489,1.0
1,0.0,0.0,0.6767077140108874,0.0,0.0,0.5477878099218253,1.0
0,1.0,1.0,0.4160650722164084,0.0,0.0,0.4483469373725304,1.0
0,1.0,1.0,0.584289009059101,0.125,0.8333333333333333,0.5665407176699173,1.0
0,1.0,0.0,0.3662656893461075,0.0,0.0,0.4167698439704556,1.0
1,0.5,0.0,0.6620516105986034,0.0,0.0,0.5105983381770075,1.0
0,1.0,1.0,0.3025785219266238,0.5,0.16666666666666666,0.5573255055537766,0.5
1,0.5,1.0,0.4978259932790342,0.0,0.0,0.4895936900036676,1.0
0,1.0,0.0,0.5421291926909031,0.125,0.0,0.5147917997571257,1.0
1,1.0,0.0,0.4978259932790342,0.0,0.0,0.3464032120058173,0.0
0,0.5,1.0,0.5638056570361273,0.0,0.0,0.5373931885097546,1.0
1,0.5,1.0,0.5579035407552049,0.0,0.0,0.4895936900036676,1.0
1,1.0,0.0,0.3705765930857424,0.0,0.0,0.441529406577603,0.5
1,0.0,1.0,0.4978259932790342,0.0,0.0,0.5744411836158962,1.0
0,1.0,0.0,0.34894368318324626,0.375,0.16666666666666666,0.5236656813522597,1.0
1,1.0,0.0,0.5794308998041521,0.125,0.8333333333333333,0.5683943213256838,1.0
0,1.0,1.0,0.4978259932790342,0.0,0.0,0.3464032120058173,0.0
0,0.0,1.0,0.40799002034336385,0.375,0.3333333333333333,0.7476408695413723,1.0
1,1.0,0.0,0.4978259932790342,0.0,0.0,0.42022887813169896,0.5
0,1.0,1.0,0.4978259932790342,0.0,0.0,0.42845836148554584,1.0
0,0.0,1.0,0.5897450537859864,0.0,0.0,0.5513742636740908,0.0
1,0.0,0.0,0.4978259932790342,0.125,0.0,0.6769694877036576,0.0
1,1.0,0.0,0.4978259932790342,0.0,0.0,0.39492446436253303,0.5
0,0.5,1.0,0.731871789749756,0.0,0.0,0.4740870124718861,1.0
0,0.0,1.0,0.4978259932790342,0.125,0.0,0.6350166209398078,0.0
0,0.0,1.0,0.5987240403310208,0.125,0.0,0.5916289642426651,1.0
1,1.0,1.0,0.4978259932790342,0.0,0.0,0.3574588034684496,0.0
0,1.0,1.0,0.42391839883370597,0.0,0.0,0.4483469373725304,1.0
0,1.0,0.0,0.3966623340983409,0.25,0.0,0.5147917997571257,1.0
1,1.0,0.0,0.3662656893461075,0.125,0.0,0.4788163108705553,0.0
0,1.0,0.0,0.5897450537859864,0.125,0.0,0.46511535572134227,1.0
0,0.5,0.0,0.4675096096866259,0.125,0.0,0.5221747008933499,1.0
0,1.0,1.0,0.4978259932790342,0.0,0.0,0.42845836148554584,0.0
1,0.5,0.0,0.3192163198209954,0.125,0.3333333333333333,0.5828794417891092,0.0
1,1.0,0.0,0.40799002034336385,0.0,0.0,0.42022887813169896,0.5
0,1.0,1.0,0.4978259932790342,0.0,0.0,0.4483469373725304,1.0
0,1.0,1.0,0.4978259932790342,0.125,0.0,0.5067685847733391,0.5
1,1.0,0.0,0.4978259932790342,0.0,0.0,0.39492446436253303,0.5
0,1.0,1.0,0.4978259932790342,0.25,0.0,0.5244325757681761,0.0
0,1.0,0.0,0.3966623340983409,0.125,0.0,0.5143031687425621,1.0
0,1.0,1.0,0.3455320871135414,0.5,0.16666666666666666,0.5807978374617785,1.0
0,1.0,1.0,0.42391839883370597,0.0,0.0,0.4129022272533054,1.0
1,0.0,0.0,0.6312386886545315,0.125,0.0,0.6209702814681355,0.0
1,0.5,0.0,0.5289318002833451,0.125,0.0,0.5373931885097546,1.0
0,0.0,1.0,0.7236435489390141,0.0,0.16666666666666666,0.6065262097110374,0.0
1,0.0,1.0,0.4978259932790342,0.0,0.0,0.5744411836158962,1.0
1,0.5,0.0,0.42391839883370597,0.0,0.0,0.4740870124718861,1.0
0,1.0,1.0,0.5258944112628108,0.0,0.0,0.3574588034684496,0.0
1,0.5,0.0,0.3390462187492944,0.125,0.3333333333333333,0.552772643984155,1.0
0,1.0,1.0,0.3602944976272512,0.625,0.3333333333333333,0.5850006231744665,1.0
0,1.0,1.0,0.43315207853187637,0.0,0.0,0.3574588034684496,0.0
1,0.0,0.0,0.5794308998041521,0.0,0.0,0.6324753476211937,1.0
0,0.0,1.0,0.6123987547851958,0.125,0.0,0.6388919669209703,1.0
0,1.0,1.0,0.32945315255386226,0.375,0.3333333333333333,0.5541822734678037,1.0
0,0.0,1.0,0.4978259932790342,0.0,0.0,0.5513742636740908,0.0
1,1.0,1.0,0.4978259932790342,0.125,0.16666666666666666,0.5048327479576674,0.0
1,0.5,0.0,0.5289318002833451,0.0,0.0,0.4740870124718861,1.0
0,1.0,1.0,0.40799002034336385,0.0,0.0,0.45553217516840094,1.0
1,1.0,0.0,0.3866391952087103,0.5,0.3333333333333333,0.43828637974458046,1.0
0,1.0,1.0,0.4623461705678389,0.25,0.0,0.4599876370181719,1.0
0,0.5,1.0,0.5475147250141573,0.0,0.0,0.4740870124718861,1.0
0,1.0,0.0,0.3779565283814268,0.625,0.3333333333333333,0.5850006231744665,1.0
0,0.5,1.0,0.42391839883370597,0.0,0.0,0.6173277077533108,1.0
0,1.0,1.0,0.4623461705678389,0.125,0.0,0.49951692650738605,0.0
1,1.0,1.0,0.5475147250141573,0.0,0.0,0.600375001533275,1.0
0,1.0,1.0,0.45626973624712763,0.0,0.0,0.38008805088651243,1.0
0,1.0,1.0,0.4978259932790342,0.0,0.0,0.42845836148554584,1.0
0,1.0,1.0,0.4978259932790342,0.0,0.0,0.4483469373725304,1.0
1,0.5,1.0,0.25266600047362514,0.0,0.3333333333333333,0.5564337764029503,1.0
1,1.0,0.0,0.5353177329359075,0.0,0.0,0.4825135405955714,1.0
0,1.0,1.0,0.43315207853187637,0.0,0.0,0.46301599083448797,1.0
1,1.0,1.0,0.5289318002833451,0.0,0.0,0.4664848597225169,1.0
1,1.0,0.0,0.4978259932790342,0.0,0.0,0.4103050158676652,0.5
0,0.0,1.0,0.4978259932790342,0.0,0.0,0.5864432806659291,1.0
1,0.5,0.0,0.3866391952087103,0.0,0.0,0.4740870124718861,1.0
1,1.0,0.0,0.5533351189055027,0.375,0.0,0.50943500827718,1.0
0,1.0,1.0,0.3779565283814268,0.125,0.5,0.5721802927901016,1.0
0,1.0,1.0,0.4978259932790342,0.0,0.0,0.4483469373725304,1.0
1,0.0,0.0,0.44034960864719086,0.375,0.3333333333333333,0.7476408695413723,1.0
0,1.0,1.0,0.44778803129651024,0.0,0.0,0.4483469373725304,1.0
0,1.0,1.0,0.5289318002833451,0.0,0.0,0.4483469373725304,1.0
0,1.0,1.0,0.4160650722164084,0.0,0.0,0.4167698439704556,1.0
0,0.0,1.0,0.6173277077533108,0.125,0.0,0.6059560440506894,1.0
0,1.0,1.0,0.4623461705678389,0.125,0.3333333333333333,0.5211836891200355,1.0
0,1.0,1.0,0.6807836801695953,0.0,0.0,0.36814570743360975,1.0
0,1.0,1.0,0.4978259932790342,0.0,0.0,0.4483469373725304,1.0
0,0.0,1.0,0.7602827441462807,0.0,0.0,0.5730618147523542,0.0
1,0.0,1.0,0.44034960864719086,0.0,0.16666666666666666,0.6071015682752705,0.0
1,0.5,0.0,0.5579035407552049,0.0,0.16666666666666666,0.5261635414246925,1.0
0,0.5,1.0,0.5579035407552049,0.125,0.0,0.5373931885097546,1.0
0,1.0,0.0,0.4978259932790342,0.0,0.0,0.42845836148554584,1.0
0,1.0,1.0,0.4978259932790342,0.0,0.0,0.42845836148554584,1.0
0,0.0,1.0,0.42391839883370597,0.0,0.16666666666666666,0.6220434716091641,1.0
0,1.0,1.0,0.5533351189055027,0.0,0.0,0.45786326237635716,1.0
0,1.0,1.0,0.5760816011568849,0.25,0.0,0.43828637974458046,1.0
0,1.0,1.0,0.4978259932790342,0.0,0.0,0.42845836148554584,1.0
1,1.0,0.0,0.42391839883370597,0.0,0.0,0.38008805088651243,1.0
1,1.0,1.0,0.4978259932790342,0.0,0.0,0.4064512868764628,1.0
0,1.0,1.0,0.5794308998041521,0.0,0.0,0.42845836148554584,1.0
1,1.0,0.0,0.4978259932790342,0.125,0.0,0.5294376382632878,0.5
0,0.0,1.0,0.6209702814681355,0.0,0.0,0.5916289642426651,1.0
0,1.0,0.0,0.36904838430352493,0.125,0.0,0.49951692650738605,0.0
0,1.0,1.0,0.43315207853187637,0.0,0.0,0.4483469373725304,1.0
0,1.0,0.0,0.4160650722164084,0.125,0.0,0.46878539403368413,1.0
0,1.0,0.0,0.3866391952087103,0.0,0.0,0.5007246140365249,0.0
0,1.0,1.0,0.42391839883370597,0.0,0.0,0.43828637974458046,1.0
0,1.0,1.0,0.7503715813993727,0.0,0.0,0.39492446436253303,0.5
0,0.5,1.0,0.5289318002833451,0.125,0.0,0.5221747008933499,1.0
0,0.0,1.0,0.44778803129651024,0.0,0.16666666666666666,0.7230696912296037,0.0
0,1.0,0.0,0.3025785219266238,0.5,0.3333333333333333,0.5665407176699173,1.0
0,0.5,1.0,0.42391839883370597,0.25,0.0,0.6173277077533108,1.0
0,1.0,1.0,0.4978259932790342,0.0,0.0,0.4483469373725304,1.0
0,0.5,1.0,0.550641885917468,0.125,0.0,0.561381211262582,0.0
1,0.5,0.0,0.550641885917468,0.0,0.0,0.4895936900036676,1.0
0,0.0,1.0,0.6571603408131788,0.0,0.16666666666666666,0.6220434716091641,1.0
1,1.0,1.0,0.36259038066055493,0.125,0.0,0.4788163108705553,0.0
0,1.0,1.0,0.4978259932790342,0.0,0.0,0.39492446436253303,0.5
1,1.0,1.0,0.44778803129651024,0.0,0.0,0.33844666925061107,1.0
1,1.0,0.0,0.4978259932790342,0.125,0.16666666666666666,0.5251623727298073,0.0
0,1.0,1.0,0.6123987547851958,0.0,0.0,0.3192163198209954,1.0
0,1.0,1.0,0.5533351189055027,0.0,0.0,0.42845836148554584,0.0
0,1.0,1.0,0.4160650722164084,0.0,0.0,0.3270734992848313,1.0
0,1.0,0.0,0.6209702814681355,0.125,0.0,0.5021740067115567,1.0
1,0.5,0.0,0.5289318002833451,0.125,0.0,0.5373931885097546,1.0
0,0.5,1.0,0.45626973624712763,0.0,0.0,0.4895936900036676,1.0
0,0.5,1.0,0.44034960864719086,0.0,0.0,0.5036208433036421,0.0
1,0.0,0.0,0.40799002034336385,0.0,0.3333333333333333,0.5442118021041084,1.0
0,0.0,1.0,0.5760816011568849,0.125,0.0,0.5951117782251508,1.0
0,1.0,1.0,0.3779565283814268,0.0,0.0,0.46362684129852827,1.0
0,0.0,1.0,0.44778803129651024,0.0,0.0,0.6288284496418153,0.0
0,1.0,0.0,0.4978259932790342,0.0,0.3333333333333333,0.5048327479576674,0.0
1,1.0,0.0,0.43315207853187637,0.0,0.0,0.39492446436253303,1.0
1,1.0,0.0,0.44778803129651024,0.125,0.0,0.50943500827718,1.0
0,1.0,1.0,0.40799002034336385,0.0,0.0,0.3128440446774492,0.5
0,0.5,1.0,0.3966623340983409,0.0,0.0,0.4795580903960572,1.0
0,0.5,1.0,0.40799002034336385,0.125,0.16666666666666666,0.575422801995535,1.0
1,1.0,1.0,0.4675096096866259,0.0,0.0,0.4117376275840675,1.0
0,1.0,0.0,0.35449345011636557,0.25,0.3333333333333333,0.5721802927901016,1.0
0,0.5,1.0,0.5749573169393478,0.0,0.3333333333333333,0.5373931885097546,1.0
0,0.5,1.0,0.5987240403310208,0.0,0.0,0.4895936900036676,1.0
0,0.5,1.0,0.6440067577201629,0.0,0.0,0.48298549664617263,1.0
1,0.0,0.0,0.43315207853187637,0.125,0.0,0.6091169191124597,1.0
0,1.0,1.0,0.6643719358924056,0.0,0.0,0.4483469373725304,1.0
0,1.0,1.0,0.5931617940366414,0.0,0.3333333333333333,0.5021740067115567,1.0
0,1.0,1.0,0.4978259932790342,0.0,0.0,0.3726755450597717,1.0
0,0.0,1.0,0.6440067577201629,0.0,0.16666666666666666,0.606136086232667,0.0
1,1.0,0.0,0.3779565283814268,0.0,0.0,0.3836826214666587,0.5
0,1.0,1.0,0.5353177329359075,0.0,0.0,0.4483469373725304,1.0
0,1.0,1.0,0.4978259932790342,0.0,0.0,0.4599876370181719,1.0
0,1.0,1.0,0.4978259932790342,1.0,0.3333333333333333,0.6123987547851958,1.0
0,1.0,1.0,0.6068484163993966,0.0,0.16666666666666666,0.5118652871156263,1.0
1,0.5,0.0,0.5897450537859864,0.0,0.0,0.5084945361980241,1.0
0,1.0,1.0,0.4623461705678389,0.0,0.0,0.4064512868764628,1.0
0,1.0,1.0,0.3866391952087103,0.0,0.0,0.4599876370181719,1.0
0,1.0,1.0,0.27981739789987237,0.5,0.16666666666666666,0.5807978374617785,1.0
1,1.0,1.0,0.35449345011636557,0.0,0.3333333333333333,0.5204419095945336,1.0
1,0.0,0.0,0.4978259932790342,0.0,0.16666666666666666,0.5971016752349488,1.0
0,1.0,0.0,0.6123987547851958,0.125,0.6666666666666666,0.5541822734678037,1.0
0,0.0,1.0,0.4978259932790342,0.0,0.0,0.5327124876590983,1.0
0,1.0,1.0,0.4978259932790342,0.0,0.0,0.600375001533275,1.0
0,0.0,1.0,0.6936065394812824,0.0,0.0,0.5709490308090202,1.0
0,1.0,1.0,0.32945315255386226,0.5,0.16666666666666666,0.5573255055537766,0.5
1,1.0,0.0,0.27981739789987237,0.125,0.16666666666666666,0.4783210927660373,1.0
0,1.0,1.0,0.42391839883370597,0.0,0.0,0.43828637974458046,1.0
0,0.0,1.0,0.667162051622284,0.0,0.0,0.5638355581040989,0.0
0,1.0,1.0,0.3966623340983409,0.125,0.16666666666666666,0.4167698439704556,1.0
0,1.0,1.0,0.4978259932790342,0.375,0.16666666666666666,0.5312146059569067,1.0
0,0.0,0.0,0.6376558435166434,0.0,0.0,0.5558054278839746,0.0
0,0.5,1.0,0.5353177329359075,0.0,0.0,0.4895936900036676,1.0
0,1.0,1.0,0.5705895260910279,0.0,0.0,0.0,1.0
0,1.0,0.0,0.4978259932790342,1.0,0.3333333333333333,0.6123987547851958,1.0
0,0.5,1.0,0.4978259932790342,0.0,0.0,0.5036405451890232,0.0
0,1.0,1.0,0.35449345011636557,0.5,0.3333333333333333,0.5683943213256838,1.0
1,0.5,1.0,0.27981739789987237,0.25,0.16666666666666666,0.5777444618916184,1.0
1,1.0,0.0,0.32945315255386226,0.0,0.3333333333333333,0.524648232129476,1.0
0,0.0,1.0,0.4978259932790342,0.0,0.0,0.5880823274584867,1.0
1,1.0,0.0,0.4978259932790342,0.125,0.0,0.5067685847733391,0.5
1,0.0,1.0,0.6123987547851958,0.0,0.0,0.5477878099218253,1.0
0,1.0,1.0,0.5897450537859864,0.125,0.16666666666666666,0.5067685847733391,0.5
0,1.0,1.0,0.5705895260910279,0.0,0.0,0.42845836148554584,1.0
1,0.5,0.0,0.5475147250141573,0.0,0.0,0.4895936900036676,1.0
0,0.5,1.0,0.40799002034336385,0.0,0.0,0.4895936900036676,1.0
1,1.0,0.0,0.40799002034336385,0.125,0.0,0.4167698439704556,1.0
1,0.5,1.0,0.3192163198209954,0.125,0.16666666666666666,0.5373931885097546,1.0
1,0.0,0.0,0.6068484163993966,0.0,0.0,0.5513742636740908,0.0
1,0.0,0.0,0.6767077140108874,0.0,0.0,0.6769694877036576,0.0
0,1.0,1.0,0.4978259932790342,0.0,0.0,0.39492446436253303,0.5
0,1.0,1.0,0.5987240403310208,0.0,0.16666666666666666,0.45663618822218494,1.0
1,1.0,0.0,0.4978259932790342,0.0,0.0,0.39492446436253303,0.5
0,0.5,0.0,0.44778803129651024,0.0,0.0,0.4895936900036676,1.0
0,1.0,1.0,0.4978259932790342,0.0,0.0,0.4664848597225169,1.0
0,1.0,1.0,0.4978259932790342,1.0,0.3333333333333333,0.6123987547851958,1.0
0,1.0,1.0,0.5579035407552049,0.0,0.0,0.30692395688258967,1.0
0,1.0,1.0,0.6158169949398109,0.0,0.0,0.3464032120058173,0.0
1,1.0,1.0,0.3966623340983409,0.0,0.0,0.4483469373725304,1.0
0,1.0,0.0,0.3025785219266238,0.0,0.16666666666666666,0.47030913785405226,1.0
0,1.0,1.0,0.5475147250141573,0.125,0.0,0.50943500827718,1.0
1,1.0,1.0,0.4623461705678389,0.0,0.0,0.5162777194118078,0.0
1,1.0,0.0,0.3779565283814268,0.0,0.0,0.39492446436253303,0.5
1,0.0,1.0,0.5897450537859864,0.0,0.0,0.5647115128375297,0.0
0,1.0,1.0,0.44778803129651024,0.0,0.0,0.3270734992848313,1.0
1,0.5,0.0,0.5638056570361273,0.0,0.0,0.5221747008933499,1.0
0,1.0,1.0,0.43315207853187637,0.0,0.0,0.36814570743360975,1.0
0,0.5,1.0,0.5353177329359075,0.0,0.0,0.4895936900036676,1.0
0,1.0,1.0,0.4978259932790342,0.125,0.0,0.39492446436253303,0.5
1,0.0,0.0,0.5421291926909031,0.125,0.0,0.6599819216588341,0.0
1,1.0,0.0,0.4675096096866259,0.0,0.0,0.43828637974458046,1.0
0,0.5,1.0,0.5987240403310208,0.125,0.0,0.55026334283178,1.0
1,0.0,0.0,0.5475147250141573,0.0,0.0,0.6197913846593158,0.0
0,0.5,1.0,0.5353177329359075,0.0,0.0,0.4740870124718861,1.0
1,1.0,1.0,0.3779565283814268,0.0,0.0,0.4483469373725304,1.0
0,0.5,1.0,0.4675096096866259,0.0,0.0,0.4895936900036676,1.0
0,1.0,1.0,0.6440067577201629,0.0,0.0,0.4483469373725304,1.0
0,1.0,1.0,0.4978259932790342,0.0,0.0,0.42845836148554584,1.0
1,0.0,1.0,0.5794308998041521,0.125,0.0,0.6455065498742252,1.0
0,1.0,1.0,0.43315207853187637,0.0,0.0,0.46436884320004346,1.0
1,0.5,1.0,0.40799002034336385,0.0,0.0,0.4740870124718861,1.0
0,1.0,1.0,0.4194709949120017,0.0,0.0,0.36814570743360975,1.0
0,0.5,1.0,0.3966623340983409,0.0,0.0,0.4895936900036676,1.0
0,1.0,0.0,0.4978259932790342,0.375,0.16666666666666666,0.5312146059569067,1.0
1,0.0,0.0,0.5638056570361273,0.125,0.0,0.6388919669209703,1.0
0,1.0,1.0,0.5289318002833451,0.0,0.0,0.4064512868764628,1.0
0,0.5,1.0,0.6807836801695953,0.0,0.0,0.4961343875757615,1.0
1,1.0,0.0,0.3390462187492944,0.5,0.3333333333333333,0.5683943213256838,1.0
0,0.5,1.0,0.44778803129651024,0.0,0.0,0.4740870124718861,1.0
0,1.0,0.0,0.4978259932790342,0.0,0.0,0.3774141876810806,1.0
0,0.5,1.0,0.6068484163993966,0.125,0.0,0.5373931885097546,1.0
1,0.5,0.0,0.34894368318324626,0.0,0.3333333333333333,0.5429282407860633,1.0
0,0.5,1.0,0.40799002034336385,0.0,0.0,0.4740870124718861,1.0
0,0.5,1.0,0.5533351189055027,0.0,0.0,0.4807832394106314,1.0
0,1.0,0.0,0.4978259932790342,0.125,0.0,0.49951692650738605,0.0
1,1.0,0.0,0.4978259932790342,0.125,0.0,0.5067685847733391,0.5
0,0.5,1.0,0.5289318002833451,0.0,0.0,0.4740870124718861,1.0
0,1.0,1.0,0.43315207853187637,0.0,0.0,0.3360274863599648,1.0
0,1.0,1.0,0.5353177329359075,0.0,0.0,0.3464032120058173,0.0
0,0.0,1.0,0.6068484163993966,0.25,0.0,0.6455065498742252,0.5
0,1.0,0.0,0.45626973624712763,0.0,0.0,0.4064512868764628,1.0
1,0.5,0.0,0.44778803129651024,0.0,0.3333333333333333,0.5021740067115567,1.0
1,0.0,1.0,0.5760816011568849,0.125,0.16666666666666666,0.5939371525276729,1.0
0,0.5,1.0,0.6571603408131788,0.125,0.0,0.5373931885097546,1.0
0,1.0,1.0,0.4978259932790342,0.0,0.0,0.36814570743360975,1.0
0,1.0,0.0,0.5289318002833451,0.125,0.16666666666666666,0.47030913785405226,1.0
0,0.0,1.0,0.6994517549420707,0.0,0.0,0.5477878099218253,1.0
0,1.0,1.0,0.5353177329359075,0.125,0.0,0.5118652871156263,1.0
0,1.0,0.0,0.5947186662152916,0.0,0.3333333333333333,0.5192082852064193,1.0
1,1.0,0.0,0.5289318002833451,0.0,0.3333333333333333,0.5048327479576674,0.0
1,0.0,0.0,0.4978259932790342,0.0,0.0,0.6288284496418153,0.0
1,0.0,0.0,0.5353177329359075,0.0,0.0,0.6404030247022602,1.0
1,0.0,0.0,0.5638056570361273,0.0,0.0,1.0,0.0
1,0.5,0.0,0.6376558435166434,0.0,0.16666666666666666,0.5373931885097546,1.0
0,1.0,1.0,0.4978259932790342,0.0,0.0,0.39492446436253303,0.5
1,1.0,1.0,0.3192163198209954,0.5,0.3333333333333333,0.5683943213256838,1.0
0,0.0,1.0,0.6494195154377587,0.125,0.16666666666666666,0.6312386886545315,1.0
0,0.0,1.0,0.5897450537859864,0.0,0.0,0.0,1.0
0,1.0,0.0,0.4978259932790342,0.0,0.0,0.39492446436253303,0.5
0,0.5,1.0,0.5705895260910279,0.0,0.0,0.4740870124718861,1.0
0,1.0,1.0,0.3779565283814268,0.5,0.16666666666666666,0.5807978374617785,1.0
1,1.0,1.0,0.45626973624712763,0.125,0.0,0.4064512868764628,1.0
1,0.0,0.0,0.6767077140108874,0.0,0.16666666666666666,0.6867806947468754,1.0
1,0.0,0.0,0.5638056570361273,0.0,0.0,0.6729265007057594,1.0
0,0.0,1.0,0.4978259932790342,0.0,0.0,0.5647115128375297,1.0
1,1.0,1.0,0.45626973624712763,0.0,0.0,0.0,1.0
1,0.5,0.0,0.5947186662152916,0.0,0.16666666666666666,0.5182236662660242,1.0
0,0.0,1.0,0.5760816011568849,0.0,0.16666666666666666,0.558774541820896,0.0
1,1.0,0.0,0.4978259932790342,0.0,0.0,0.39492446436253303,0.5
1,0.0,0.0,0.7078209135846193,0.125,0.0,0.624236700310742,1.0
0,1.0,0.0,0.6123987547851958,0.0,0.0,0.39492446436253303,1.0
0,0.5,1.0,0.4978259932790342,0.0,0.0,0.0,1.0
0,1.0,1.0,0.3455320871135414,0.5,0.16666666666666666,0.5573255055537766,0.5
1,1.0,0.0,0.5638056570361273,0.125,0.16666666666666666,0.5197013443584122,1.0
0,1.0,1.0,0.7236435489390141,0.0,0.0,0.39492446436253303,0.5
0,1.0,1.0,0.4978259932790342,0.0,0.0,0.4167698439704556,1.0
0,1.0,1.0,0.3779565283814268,0.0,0.0,0.4664848597225169,1.0
1,1.0,1.0,0.40799002034336385,0.0,0.0,0.4483469373725304,1.0
0,0.0,1.0,0.4978259932790342,0.0,0.0,0.5373931885097546,1.0
0,1.0,1.0,0.5533351189055027,0.0,0.0,0.4599876370181719,0.0
1,1.0,1.0,0.5353177329359075,0.0,0.0,0.4664848597225169,1.0
0,1.0,1.0,0.43315207853187637,0.0,0.0,0.42845836148554584,1.0
1,0.5,1.0,0.5987240403310208,0.0,0.0,0.4895936900036676,1.0
1,1.0,0.0,0.43315207853187637,0.0,0.0,0.39492446436253303,0.5
1,0.0,0.0,0.4623461705678389,0.0,0.0,0.6264965261228748,1.0
1,0.0,0.0,0.40799002034336385,0.125,0.0,0.6478248908169066,0.0
0,0.5,1.0,0.5705895260910279,0.0,0.0,0.4836924462891673,0.0
0,1.0,0.0,0.44778803129651024,0.0,0.0,0.46247466680144295,1.0
0,1.0,1.0,0.44778803129651024,0.0,0.0,0.42845836148554584,1.0
0,0.0,1.0,0.4978259932790342,0.0,0.0,0.5513742636740908,0.0
0,1.0,1.0,0.44289544048912716,0.0,0.0,0.3574588034684496,0.0
0,0.0,0.0,0.3025785219266238,0.125,0.3333333333333333,0.6807836801695953,1.0
1,0.0,1.0,0.4978259932790342,0.0,0.0,0.5626065760269885,1.0
1,0.0,0.0,0.6376558435166434,0.0,0.16666666666666666,0.7230696912296037,0.0
1,1.0,0.0,0.4978259932790342,0.0,0.0,0.39492446436253303,0.5
1,1.0,1.0,0.4978259932790342,0.25,0.0,0.5271675539982079,0.5
0,1.0,1.0,0.40799002034336385,0.0,0.0,0.0,1.0
1,0.5,0.0,0.4978259932790342,0.0,0.0,0.48128426950603415,0.5
0,1.0,1.0,0.4978259932790342,0.0,0.0,0.4483469373725304,1.0
1,0.0,1.0,0.262987231255272,0.125,0.3333333333333333,0.6807836801695953,1.0
1,0.0,0.0,0.4978259932790342,0.0,0.0,0.656249213797818,0.0
1,0.0,0.0,0.3866391952087103,0.125,0.0,0.6527380875240476,0.0
0,0.5,1.0,0.5353177329359075,0.125,0.0,0.5281745367322644,0.0
1,0.0,0.0,0.5353177329359075,0.0,0.0,0.6028008888411869,0.0
1,0.0,0.0,0.44778803129651024,0.0,0.0,0.6363233976522155,0.0
1,0.0,0.0,0.3966623340983409,0.25,0.3333333333333333,0.7315857305611914,0.0
0,0.5,0.0,0.4623461705678389,0.125,0.16666666666666666,0.5373931885097546,1.0
0,1.0,1.0,0.4978259932790342,0.0,0.0,0.42845836148554584,1.0
0,0.5,1.0,0.6033376658922499,0.125,0.16666666666666666,0.5429282407860633,1.0
1,1.0,0.0,0.4623461705678389,0.0,0.0,0.4167698439704556,1.0
1,0.5,0.0,0.44778803129651024,0.125,0.0,0.5373931885097546,1.0
0,0.5,1.0,0.6571603408131788,0.0,0.0,0.4975909015877031,1.0
1,0.0,0.0,0.5421291926909031,0.0,0.3333333333333333,0.6907812205537641,1.0
1,0.0,0.0,0.5897450537859864,0.125,0.16666666666666666,0.670124209221222,0.0
0,1.0,1.0,0.43315207853187637,0.0,0.0,0.36814570743360975,1.0
0,1.0,1.0,0.4675096096866259,0.0,0.0,0.42845836148554584,1.0
1,0.5,0.0,0.5353177329359075,0.0,0.0,0.48128426950603415,0.5
1,0.5,0.0,0.43315207853187637,0.125,0.16666666666666666,0.5564337764029503,1.0
0,1.0,1.0,0.4978259932790342,1.0,0.3333333333333333,0.6123987547851958,1.0
1,0.0,0.0,0.5705895260910279,0.0,0.0,0.6729265007057594,0.0
0,1.0,1.0,0.6936065394812824,0.0,0.0,0.30208033137315426,1.0
1,0.5,0.0,0.5705895260910279,0.0,0.0,0.4895936900036676,1.0
1,1.0,0.0,0.5421291926909031,0.125,0.16666666666666666,0.5204419095945336,1.0
1,0.0,0.0,0.3779565283814268,0.0,0.16666666666666666,0.6046378629008248,0.0
1,1.0,0.0,0.4978259932790342,0.25,0.0,0.5271675539982079,0.5
0,0.0,1.0,0.6158169949398109,0.0,0.0,0.5555992086638706,1.0
0,0.0,1.0,0.5794308998041521,0.0,0.16666666666666666,0.6867806947468754,1.0
0,1.0,1.0,0.3779565283814268,0.25,0.0,0.5147917997571257,1.0
1,0.0,0.0,0.4978259932790342,0.125,0.0,0.6681712229656771,1.0
0,1.0,1.0,0.4978259932790342,0.0,0.0,0.42845836148554584,1.0
0,0.0,1.0,0.5289318002833451,0.125,0.0,0.6091169191124597,1.0
1,0.0,0.0,0.5947186662152916,0.0,0.0,0.670124209221222,0.0
1,1.0,1.0,0.6123987547851958,0.0,0.0,0.4483469373725304,1.0
0,0.0,1.0,0.6123987547851958,0.0,0.0,0.5744411836158962,1.0
1,0.5,1.0,0.3025785219266238,0.125,0.16666666666666666,0.5373931885097546,1.0
1,0.0,0.0,0.44778803129651024,0.375,0.3333333333333333,0.7476408695413723,1.0
0,0.5,1.0,0.4978259932790342,0.0,0.0,0.4895936900036676,1.0
0,0.5,1.0,0.45626973624712763,0.0,0.0,0.4895936900036676,1.0
0,0.5,1.0,0.5705895260910279,0.0,0.0,0.4895936900036676,1.0
1,0.5,0.0,0.44778803129651024,0.0,0.0,0.4895936900036676,1.0
1,0.5,0.0,0.5897450537859864,0.0,0.0,0.4895936900036676,1.0
1,1.0,0.0,0.4978259932790342,0.125,0.0,0.5118652871156263,1.0
1,1.0,1.0,0.3192163198209954,0.125,0.16666666666666666,0.5101082669431759,1.0
0,1.0,1.0,0.5987240403310208,0.0,0.0,0.4599876370181719,1.0
0,1.0,1.0,0.44034960864719086,0.0,0.0,0.46365120912436747,1.0
0,0.0,1.0,0.4978259932790342,0.0,0.0,0.5734536154753406,1.0
0,1.0,1.0,0.3705765930857424,0.125,0.16666666666666666,0.3574588034684496,0.0
0,1.0,1.0,0.45626973624712763,0.125,0.0,0.5143031687425621,1.0
0,1.0,1.0,0.4978259932790342,0.0,0.0,0.3464032120058173,0.0
0,1.0,1.0,0.4978259932790342,0.0,0.0,0.4664848597225169,1.0
1,0.0,0.0,0.43315207853187637,0.0,0.16666666666666666,0.5971016752349488,1.0
0,0.5,0.0,0.5794308998041521,0.0,0.0,0.4895936900036676,1.0
1,1.0,0.0,0.4978259932790342,0.0,0.0,0.42022887813169896,0.5
1,1.0,0.0,0.4978259932790342,0.0,0.0,0.42022887813169896,0.5
0,1.0,1.0,0.5897450537859864,0.125,0.6666666666666666,0.5541822734678037,1.0
0,0.5,1.0,0.5289318002833451,0.125,0.0,0.5513742636740908,0.0
0,1.0,0.0,0.6123987547851958,0.0,0.16666666666666666,0.49951692650738605,0.0
0,1.0,1.0,0.5638056570361273,0.0,0.0,0.3270734992848313,1.0
0,1.0,1.0,0.4978259932790342,0.125,0.0,0.5067685847733391,0.5
0,1.0,1.0,0.5353177329359075,0.0,0.0,0.36814570743360975,1.0
1,0.0,0.0,0.6852129426187705,0.125,0.0,0.619184686594324,0.0
1,1.0,0.0,0.4978259932790342,0.0,0.0,0.3574588034684496,0.0
1,1.0,0.0,0.4978259932790342,0.0,0.0,0.39492446436253303,0.5
1,0.0,0.0,0.44778803129651024,0.0,0.0,0.6100415266275235,0.0
1,0.0,1.0,0.45626973624712763,0.125,0.0,0.5975786774485061,0.0
0,1.0,1.0,0.3966623340983409,0.125,0.0,0.30692395688258967,1.0
0,1.0,1.0,0.40799002034336385,0.0,0.0,0.4483469373725304,1.0
0,0.0,1.0,0.43315207853187637,0.0,0.0,0.6729265007057594,0.0
0,1.0,0.0,0.3192163198209954,0.375,0.16666666666666666,0.5236656813522597,1.0
1,0.0,0.0,0.4978259932790342,0.125,0.0,0.6350166209398078,0.0
1,1.0,0.0,0.43315207853187637,0.0,0.0,0.36814570743360975,1.0
0,0.0,1.0,0.4675096096866259,0.0,0.3333333333333333,0.7015775704054936,0.0
0,1.0,1.0,0.4160650722164084,0.0,0.0,0.2972636584736853,0.0
0,1.0,1.0,0.40799002034336385,0.0,0.0,0.4064512868764628,1.0
1,0.0,0.0,0.5987240403310208,0.0,0.0,0.7112289157385866,0.0
1,1.0,0.0,0.27981739789987237,0.0,0.3333333333333333,0.5084569826660315,0.0
0,1.0,1.0,0.5475147250141573,0.0,0.0,0.43828637974458046,1.0
1,0.0,0.0,0.5638056570361273,0.125,0.0,0.5916289642426651,1.0
0,1.0,1.0,0.4978259932790342,0.0,0.0,0.42845836148554584,1.0
0,0.5,1.0,0.3966623340983409,0.0,0.0,0.6173277077533108,1.0
0,1.0,1.0,0.27981739789987237,0.625,0.3333333333333333,0.5850006231744665,1.0
1,0.5,0.0,0.5705895260910279,0.0,0.0,0.4895936900036676,1.0
0,1.0,1.0,0.4978259932790342,0.0,0.0,0.3821550473563575,0.5
1,0.5,0.0,0.3866391952087103,0.0,0.0,0.48044354413442447,0.0
1,0.0,1.0,0.5705895260910279,0.125,0.3333333333333333,0.663972513630626,1.0
1,1.0,1.0,0.42391839883370597,0.0,0.0,0.4117376275840675,1.0
0,1.0,1.0,0.4978259932790342,0.25,0.0,0.43828637974458046,1.0
1,0.0,0.0,0.44034960864719086,0.125,0.0,0.6599819216588341,0.0
1,1.0,0.0,0.44778803129651024,0.0,0.3333333333333333,0.5133270005850489,1.0
0,1.0,1.0,0.43315207853187637,0.0,0.0,0.4117376275840675,1.0
0,1.0,0.0,0.5421291926909031,0.0,0.0,0.4167698439704556,1.0
0,0.5,1.0,0.6173277077533108,0.0,0.0,0.5373931885097546,1.0
0,0.5,1.0,0.44034960864719086,0.0,0.0,0.4740870124718861,1.0
1,0.5,0.0,0.4978259932790342,0.0,0.0,0.4833509073879948,1.0
1,1.0,1.0,0.584289009059101,0.0,0.0,0.43828637974458046,1.0
0,1.0,1.0,0.4623461705678389,0.0,0.0,0.4483469373725304,1.0
0,1.0,0.0,0.42391839883370597,0.125,0.0,0.46878539403368413,1.0
0,1.0,1.0,0.4978259932790342,0.125,0.0,0.50943500827718,1.0
0,1.0,0.0,0.4160650722164084,0.0,0.0,0.4599876370181719,1.0
0,0.5,1.0,0.5579035407552049,0.125,0.0,0.5221747008933499,1.0
0,1.0,1.0,0.6440067577201629,0.0,0.0,0.39492446436253303,1.0
1,0.5,1.0,0.3192163198209954,0.125,0.16666666666666666,0.515770221625511,1.0
0,1.0,1.0,0.42391839883370597,0.0,0.0,0.4064512868764628,1.0
0,1.0,0.0,0.4978259932790342,0.375,0.16666666666666666,0.5312146059569067,1.0
0,1.0,1.0,0.4978259932790342,0.0,0.0,0.42845836148554584,1.0
0,1.0,1.0,0.4978259932790342,0.0,0.0,0.314779842639653,0.5
1,0.0,0.0,0.5533351189055027,0.125,0.0,0.6455065498742252,0.5
0,0.5,1.0,0.4978259932790342,0.0,0.0,0.0,1.0
1,1.0,1.0,0.6068484163993966,0.0,0.0,0.43828637974458046,1.0
0,1.0,0.0,0.4978259932790342,0.0,0.0,0.4483469373725304,1.0
1,0.5,0.0,0.5579035407552049,0.125,0.16666666666666666,0.5695129137956321,1.0
1,0.5,0.0,0.3966623340983409,0.0,0.3333333333333333,0.4895936900036676,1.0
0,0.5,1.0,0.5353177329359075,0.0,0.0,0.4895936900036676,1.0
0,1.0,0.0,0.35817933262972357,0.0,0.3333333333333333,0.5294376382632878,1.0
0,1.0,1.0,0.4978259932790342,0.0,0.0,0.42845836148554584,0.0
0,1.0,1.0,0.42391839883370597,0.0,0.0,0.3836826214666587,0.5
0,1.0,1.0,0.5289318002833451,0.0,0.0,0.419724259585374,1.0
0,1.0,0.0,0.4978259932790342,0.125,0.16666666666666666,0.4983091627838716,1.0
0,1.0,1.0,0.3966623340983409,0.125,0.16666666666666666,0.5192082852064193,1.0
0,1.0,1.0,0.4978259932790342,0.0,0.0,0.36814570743360975,1.0
1,0.5,0.0,0.4978259932790342,0.125,0.0,0.5373931885097546,1.0
1,0.5,0.0,0.40799002034336385,0.0,0.0,0.5373931885097546,1.0
0,1.0,1.0,0.4978259932790342,0.0,0.0,0.39492446436253303,0.5
1,1.0,1.0,0.5475147250141573,0.0,0.0,0.4483469373725304,1.0
1,0.0,1.0,0.4978259932790342,0.0,0.0,0.5477878099218253,1.0
1,1.0,0.0,0.4978259932790342,0.125,0.0,0.5118652871156263,1.0
1,0.5,0.0,0.5987240403310208,0.125,0.0,0.5373931885097546,1.0
0,1.0,1.0,0.3866391952087103,0.0,0.0,0.3360274863599648,1.0
0,0.0,1.0,0.6376558435166434,0.125,0.0,0.5982054760972307,1.0
1,0.0,0.0,0.3662656893461075,0.125,0.3333333333333333,0.663972513630626,1.0
0,1.0,0.0,0.42391839883370597,0.25,0.3333333333333333,0.5721802927901016,1.0
1,0.5,0.0,0.44778803129651024,0.25,0.5,0.515770221625511,1.0
0,0.0,1.0,0.7147002618563527,0.125,0.6666666666666666,0.7476408695413723,1.0
0,0.5,1.0,0.5421291926909031,0.0,0.0,0.4740870124718861,1.0
1,0.5,0.0,0.6123987547851958,0.125,0.16666666666666666,0.5429282407860633,1.0
0,1.0,1.0,0.4160650722164084,0.0,0.0,0.4664848597225169,1.0
0,1.0,1.0,0.45626973624712763,0.125,0.0,0.4064512868764628,1.0
1,0.5,0.0,0.4978259932790342,0.0,0.0,0.4895936900036676,1.0
1,1.0,1.0,0.4978259932790342,0.0,0.0,0.4551260588443907,1.0
1,0.0,1.0,0.32945315255386226,0.0,0.3333333333333333,0.6342812709470452,1.0
1,0.5,0.0,0.3636766023383753,0.0,0.16666666666666666,0.5182236662660242,1.0
1,0.0,1.0,0.5579035407552049,0.0,0.0,0.5477878099218253,1.0
1,1.0,0.0,0.3390462187492944,0.25,0.16666666666666666,0.5172409540933649,0.0
1,0.0,1.0,0.6494195154377587,0.0,0.0,0.5626065760269885,1.0
0,0.5,1.0,0.5705895260910279,0.125,0.3333333333333333,0.552772643984155,1.0
0,1.0,1.0,0.4978259932790342,0.125,0.0,0.5187157304845567,1.0
0,0.0,1.0,0.5353177329359075,0.0,0.0,0.552772643984155,0.0
1,0.0,1.0,0.6312386886545315,0.125,0.0,0.6429408212093506,0.0
0,1.0,1.0,0.4978259932790342,0.0,0.0,0.4483469373725304,1.0
1,1.0,1.0,0.5289318002833451,0.0,0.0,0.42845836148554584,0.0
0,0.0,1.0,0.7236435489390141,0.0,0.0,0.5477878099218253,1.0
1,0.0,0.0,0.4978259932790342,0.125,0.0,0.5893723924921064,1.0
1,0.5,0.0,0.6376558435166434,0.0,0.0,0.4740870124718861,1.0
0,1.0,1.0,0.4978259932790342,0.0,0.0,0.39492446436253303,0.5
1,0.0,1.0,0.6264965261228748,0.0,0.0,0.5477878099218253,1.0
0,1.0,1.0,0.5579035407552049,0.0,0.0,0.4483469373725304,1.0
0,0.0,1.0,0.6209702814681355,0.0,0.0,0.5768424064782658,1.0
0,0.5,1.0,0.6264965261228748,0.0,0.0,0.4895936900036676,1.0
0,1.0,1.0,0.4978259932790342,0.0,0.0,0.4483469373725304,1.0
0,1.0,1.0,0.5794308998041521,0.0,0.0,0.3270734992848313,1.0
0,0.5,1.0,0.4978259932790342,0.0,0.0,0.0,1.0
0,0.0,1.0,0.667162051622284,0.0,0.0,0.5477878099218253,1.0
0,1.0,1.0,0.4978259932790342,0.0,0.0,0.3820784474237508,0.5
1,1.0,0.0,0.2307642503779142,0.25,0.16666666666666666,0.5172409540933649,0.0
0,1.0,1.0,0.4978259932790342,0.0,0.0,0.36814570743360975,1.0
0,1.0,1.0,0.5794308998041521,0.0,0.0,0.4599876370181719,1.0
1,0.5,0.0,0.5533351189055027,0.125,0.3333333333333333,0.552772643984155,1.0
1,0.5,0.0,0.44034960864719086,0.0,0.0,0.496818399714882,0.0
0,1.0,0.0,0.43315207853187637,0.0,0.0,0.46921767354424804,1.0
0,0.0,1.0,0.4978259932790342,0.0,0.0,0.5916289642426651,1.0
0,0.5,1.0,0.5579035407552049,0.125,0.0,0.5221747008933499,1.0
0,1.0,1.0,0.5289318002833451,0.125,0.0,0.32188610916125326,1.0
0,1.0,1.0,0.43315207853187637,0.0,0.0,0.3754112681547415,1.0
1,1.0,0.0,0.3025785219266238,0.0,0.16666666666666666,0.4808324781467369,1.0
0,1.0,1.0,0.35449345011636557,0.625,0.3333333333333333,0.5850006231744665,1.0
0,0.5,1.0,0.4978259932790342,0.0,0.0,0.0,1.0
0,1.0,1.0,0.6376558435166434,0.0,0.0,0.4483469373725304,1.0
1,1.0,0.0,0.7078209135846193,0.0,0.0,0.4682757519139696,1.0
1,0.0,1.0,0.45626973624712763,0.125,0.0,0.6478248908169066,0.0
0,1.0,0.0,0.4978259932790342,0.375,0.16666666666666666,0.5312146059569067,1.0
1,0.0,0.0,0.5638056570361273,0.125,0.0,0.6455065498742252,1.0
0,0.0,1.0,0.6767077140108874,0.0,0.0,0.558774541820896,0.0
0,1.0,1.0,0.5353177329359075,0.0,0.0,0.4483469373725304,1.0
1,1.0,1.0,0.35449345011636557,0.125,0.16666666666666666,0.5101082669431759,1.0
0,1.0,1.0,0.4978259932790342,0.125,0.0,0.5187157304845567,1.0
0,1.0,1.0,0.42391839883370597,0.0,0.0,0.36814570743360975,1.0
0,0.0,1.0,0.6620516105986034,0.0,0.0,0.5626065760269885,1.0
0,0.0,1.0,0.7602827441462807,0.0,0.0,0.5871678927941112,0.0
0,1.0,1.0,0.42391839883370597,0.0,0.0,0.4483469373725304,1.0
0,1.0,1.0,0.4978259932790342,0.0,0.0,0.5007246140365249,0.0
1,0.0,0.0,0.6571603408131788,0.125,0.0,0.6253579602329997,0.0
0,1.0,1.0,0.4978259932790342,0.0,0.0,0.5039586355380956,1.0
0,0.0,0.0,0.45626973624712763,0.125,0.3333333333333333,0.6807836801695953,1.0
0,1.0,1.0,0.44778803129651024,0.0,0.0,0.4117376275840675,1.0
0,1.0,1.0,0.3866391952087103,0.0,0.0,0.4599876370181719,1.0
0,1.0,0.0,0.42391839883370597,0.0,0.0,0.39492446436253303,0.5
0,1.0,0.0,0.4978259932790342,0.0,0.0,0.3788550371954942,0.5
0,1.0,0.0,0.5760816011568849,0.0,0.0,0.4682757519139696,1.0
1,0.0,0.0,0.3779565283814268,0.0,0.0,0.6404030247022602,1.0
0,0.0,1.0,0.3966623340983409,0.125,0.0,0.6527380875240476,0.0
1,0.5,0.0,0.5533351189055027,0.0,0.3333333333333333,0.5373931885097546,1.0
1,0.0,1.0,0.4978259932790342,0.0,0.0,0.5477878099218253,1.0
0,1.0,1.0,0.4978259932790342,0.0,0.0,0.5253399431839058,1.0
1,1.0,1.0,0.4623461705678389,0.0,0.0,0.600375001533275,1.0
1,1.0,1.0,0.5289318002833451,0.0,0.0,0.39492446436253303,0.5
0,1.0,1.0,0.4978259932790342,0.0,0.0,0.4483469373725304,1.0
1,0.0,1.0,0.5705895260910279,0.0,0.0,0.5448043910802258,1.0
1,0.0,0.0,0.6571603408131788,0.125,0.0,0.6050995355261555,0.0
0,1.0,1.0,0.44778803129651024,0.0,0.0,0.37464203975759114,1.0
0,0.0,1.0,0.6209702814681355,0.0,0.0,0.5713552059746476,1.0
1,0.5,0.0,0.5579035407552049,0.0,0.0,0.4740870124718861,1.0
0,1.0,1.0,0.4978259932790342,0.0,0.0,0.5294376382632878,0.5
1,0.5,0.0,0.5705895260910279,0.125,0.0,0.5373931885097546,1.0
0,1.0,1.0,0.5475147250141573,0.0,0.0,0.42845836148554584,1.0
1,0.0,0.0,0.5353177329359075,0.0,0.0,0.6494195154377587,1.0
0,1.0,1.0,0.43315207853187637,0.0,0.0,0.42845836148554584,1.0
0,1.0,1.0,0.4978259932790342,0.0,0.0,0.3464032120058173,0.0
1,0.0,0.0,0.6068484163993966,0.0,0.16666666666666666,0.6046378629008248,0.0
0,1.0,1.0,0.4978259932790342,0.0,0.0,0.3574588034684496,0.0
0,1.0,1.0,0.5931617940366414,0.0,0.0,0.39492446436253303,0.5
1,0.5,0.0,0.6376558435166434,0.0,0.0,0.4740870124718861,1.0
0,0.0,1.0,0.4978259932790342,0.0,0.0,0.7047697621332197,1.0
0,1.0,1.0,0.584289009059101,0.0,0.0,0.43828637974458046,1.0
0,0.5,1.0,0.44034960864719086,0.25,0.16666666666666666,0.4795580903960572,1.0
1,0.5,0.0,0.3025785219266238,0.125,0.16666666666666666,0.5373931885097546,1.0
0,1.0,1.0,0.4978259932790342,0.0,0.0,0.3574588034684496,0.0
0,1.0,1.0,0.3866391952087103,0.125,0.16666666666666666,0.3574588034684496,0.0
1,1.0,0.0,0.4978259932790342,0.0,0.3333333333333333,0.5251623727298073,0.0
0,1.0,0.0,0.5353177329359075,0.0,0.0,0.4599876370181719,1.0
1,0.5,0.0,0.3455320871135414,0.0,0.3333333333333333,0.5429282407860633,1.0
0,0.0,1.0,0.6123987547851958,0.0,0.0,0.5477878099218253,1.0
1,0.0,0.0,0.5353177329359075,0.0,0.0,0.6510563168073445,0.0
0,1.0,1.0,0.4978259932790342,0.0,0.0,0.5021740067115567,1.0
1,0.0,0.0,0.43315207853187637,0.0,0.3333333333333333,0.5871631101924375,0.0
1,0.0,0.0,0.5705895260910279,0.0,0.3333333333333333,0.6148255246732606,1.0
0,1.0,0.0,0.35449345011636557,0.5,0.3333333333333333,0.5665407176699173,1.0
0,1.0,0.0,0.3602944976272512,0.5,0.3333333333333333,0.5665407176699173,1.0
1,0.5,1.0,0.5475147250141573,0.125,0.0,0.5373931885097546,1.0
0,0.0,1.0,0.6376558435166434,0.125,0.0,0.6510563168073445,0.0
0,0.0,1.0,0.7147002618563527,0.0,0.0,0.5373931885097546,1.0
1,0.5,0.0,0.40799002034336385,0.125,0.0,0.5373931885097546,1.0
1,0.5,1.0,0.4978259932790342,0.0,0.0,0.4971617435294655,0.0
0,1.0,1.0,0.5533351189055027,0.125,0.16666666666666666,0.5204419095945336,1.0
1,0.5,1.0,0.34894368318324626,0.125,0.16666666666666666,0.575422801995535,1.0
1,0.0,1.0,0.3866391952087103,0.0,0.3333333333333333,0.656249213797818,0.0
0,0.5,1.0,0.4675096096866259,0.0,0.0,0.5373931885097546,1.0
0,1.0,1.0,0.4978259932790342,0.0,0.0,0.4135619907194409,0.5
1,1.0,1.0,0.43315207853187637,0.0,0.0,0.3464032120058173,0.0
1,1.0,0.0,0.43315207853187637,0.0,0.0,0.4064512868764628,1.0
0,0.0,1.0,0.6994517549420707,0.0,0.0,0.5477878099218253,1.0
1,0.0,0.0,0.6264965261228748,0.125,0.0,0.5794003435231316,0.0
0,0.0,1.0,0.4978259932790342,0.0,0.0,0.7112289157385866,0.0
1,0.0,0.0,0.584289009059101,0.125,0.16666666666666666,0.6312386886545315,1.0
1,1.0,0.0,0.5705895260910279,0.125,0.0,0.5139259810417937,1.0
0,1.0,1.0,0.4978259932790342,0.0,0.0,0.39492446436253303,0.5
0,1.0,1.0,0.5897450537859864,0.0,0.0,0.42845836148554584,1.0
0,0.5,1.0,0.4978259932790342,0.0,0.0,0.4961343875757615,1.0
0,1.0,1.0,0.4978259932790342,0.0,0.0,0.4483469373725304,1.0
0,1.0,0.0,0.4978259932790342,0.0,0.0,0.4483469373725304,1.0
0,1.0,1.0,0.44778803129651024,0.25,0.0,0.5294376382632878,1.0
0,1.0,1.0,0.40799002034336385,0.0,0.0,0.42845836148554584,1.0
0,1.0,0.0,0.5289318002833451,0.0,0.6666666666666666,0.5236656813522597,1.0
0,1.0,1.0,0.4978259932790342,0.0,0.0,0.3574588034684496,0.0
1,1.0,1.0,0.5475147250141573,0.0,0.0,0.4167698439704556,1.0
1,0.5,1.0,0.6994517549420707,0.0,0.0,0.4740870124718861,1.0
1,0.0,0.0,0.6526414581861979,0.25,0.0,0.589115463641755,1.0
1,0.0,1.0,0.5705895260910279,0.0,0.0,0.5451269076344248,1.0
1,1.0,0.0,0.4978259932790342,0.0,0.0,0.39492446436253303,0.5
0,1.0,1.0,0.3779565283814268,0.0,0.0,0.4483469373725304,1.0
0,1.0,1.0,0.40799002034336385,0.0,0.0,0.5021740067115567,1.0
1,0.5,0.0,0.5579035407552049,0.0,0.0,0.4895936900036676,1.0
1,0.0,0.0,0.584289009059101,0.125,0.0,0.5982054760972307,1.0
0,1.0,0.0,0.4978259932790342,0.125,0.0,0.5007246140365249,0.0
1,1.0,1.0,0.5475147250141573,0.0,0.0,0.43828637974458046,1.0
1,0.5,0.0,0.45626973624712763,0.125,0.16666666666666666,0.5599434405908574,1.0
1,0.0,0.0,0.584289009059101,0.125,0.16666666666666666,0.656249213797818,0.0
0,0.5,1.0,0.6571603408131788,0.0,0.0,0.5373931885097546,1.0
0,0.0,1.0,0.5705895260910279,0.0,0.0,0.5818952246223688,0.0
0,1.0,1.0,0.4978259932790342,0.0,0.0,0.4621187540041613,0.0
1,0.0,0.0,0.3966623340983409,0.0,0.3333333333333333,0.6312386886545315,1.0
0,0.5,1.0,0.6209702814681355,0.0,0.0,0.5035325620562997,1.0
1,0.0,1.0,0.6852129426187705,0.125,0.16666666666666666,0.6288284496418153,0.0
0,1.0,1.0,0.43315207853187637,0.0,0.0,0.4483469373725304,1.0
0,1.0,1.0,0.4978259932790342,0.0,0.0,0.4483469373725304,1.0
0,1.0,1.0,0.5638056570361273,0.0,0.0,0.3360274863599648,1.0
1,0.0,0.0,0.6494195154377587,0.125,0.0,0.6253579602329997,0.0
0,1.0,1.0,0.6209702814681355,0.0,0.0,0.36814570743360975,1.0
0,1.0,0.0,0.4978259932790342,0.0,0.3333333333333333,0.39492446436253303,0.5
0,0.5,1.0,0.5760816011568849,0.125,0.0,0.5373931885097546,1.0
0,1.0,1.0,0.5705895260910279,0.125,0.16666666666666666,0.5294376382632878,1.0
1,0.5,0.0,0.4978259932790342,0.0,0.0,0.5702736913393502,1.0
0,1.0,1.0,0.6312386886545315,0.0,0.0,0.0,1.0
0,1.0,1.0,0.4978259932790342,0.0,0.0,0.3464032120058173,0.0
1,0.0,1.0,0.6312386886545315,0.125,0.0,0.6028008888411869,0.0
1,0.5,0.0,0.44778803129651024,0.25,0.16666666666666666,0.55026334283178,1.0
0,1.0,1.0,0.4978259932790342,0.0,0.0,0.42845836148554584,1.0
0,0.0,1.0,0.4978259932790342,0.0,0.0,0.5836094643942868,1.0
0,1.0,1.0,0.6068484163993966,0.0,0.0,0.4483469373725304,1.0
1,0.0,1.0,0.5638056570361273,0.0,0.0,0.5477878099218253,0.0
0,1.0,1.0,0.5705895260910279,0.125,0.0,0.5076784467160365,1.0
0,1.0,1.0,0.5353177329359075,0.0,0.0,0.42845836148554584,1.0
1,0.0,1.0,0.4675096096866259,0.0,0.0,0.5626065760269885,1.0
1,0.5,0.0,0.43315207853187637,0.125,0.3333333333333333,0.5828794417891092,0.0
1,0.0,0.0,0.5897450537859864,0.0,0.0,0.6867806947468754,1.0
0,1.0,0.0,0.584289009059101,0.125,0.8333333333333333,0.5665407176699173,1.0
0,1.0,1.0,0.4978259932790342,0.0,0.0,0.3270734992848313,1.0
1,1.0,0.0,0.4978259932790342,0.125,0.0,0.5067685847733391,0.5
0,1.0,1.0,0.4978259932790342,0.0,0.0,0.39492446436253303,0.5
0,1.0,1.0,0.5638056570361273,0.0,0.0,0.4483469373725304,1.0
1,0.5,0.0,0.44778803129651024,0.125,0.3333333333333333,0.6081250559625522,1.0
0,1.0,1.0,0.5579035407552049,0.125,0.16666666666666666,0.4983091627838716,1.0
0,1.0,0.0,0.4623461705678389,0.125,0.0,0.5118652871156263,1.0
1,0.5,0.0,0.32945315255386226,0.25,0.16666666666666666,0.5777444618916184,1.0
0,0.5,1.0,0.4623461705678389,0.0,0.0,0.4740870124718861,1.0
0,1.0,1.0,0.4675096096866259,0.125,0.0,0.49951692650738605,0.0
1,0.0,1.0,0.5987240403310208,0.125,0.0,0.5939371525276729,1.0
1,1.0,1.0,0.4160650722164084,0.125,0.16666666666666666,0.5084569826660315,0.0
0,1.0,1.0,0.42391839883370597,0.0,0.0,0.4167698439704556,1.0
0,1.0,1.0,0.42391839883370597,0.0,0.0,0.5118652871156263,1.0
0,0.0,1.0,0.6936065394812824,0.0,0.0,0.5693671380448322,1.0
0,0.5,1.0,0.6705468474367285,0.0,0.0,0.48128426950603415,0.5
1,0.0,0.0,0.42391839883370597,0.0,0.0,0.624236700310742,1.0
0,1.0,1.0,0.4623461705678389,0.0,0.0,0.42845836148554584,1.0
0,1.0,1.0,0.4978259932790342,0.0,0.0,0.3836826214666587,0.5
1,0.0,1.0,1.0,0.0,0.0,0.5599434405908574,1.0
0,1.0,1.0,0.6440067577201629,0.0,0.0,0.33182441931423634,1.0
1,0.0,1.0,0.5475147250141573,0.0,0.0,0.5626065760269885,0.0
0,0.0,1.0,0.4978259932790342,0.0,0.0,0.0,1.0
0,1.0,0.0,0.35449345011636557,0.375,0.3333333333333333,0.5541822734678037,1.0
1,0.5,0.0,0.4978259932790342,0.0,0.0,0.4895936900036676,1.0
0,1.0,1.0,0.5475147250141573,0.0,0.0,0.43828637974458046,1.0
0,0.5,1.0,0.5421291926909031,0.125,0.16666666666666666,0.5429282407860633,1.0
0,1.0,0.0,0.5947186662152916,0.0,0.8333333333333333,0.5807978374617785,1.0
0,1.0,1.0,0.4978259932790342,0.125,0.0,0.5118652871156263,1.0
0,1.0,1.0,0.4160650722164084,0.0,0.0,0.4167698439704556,1.0
1,0.0,0.0,0.44778803129651024,0.0,0.0,0.6100415266275235,0.0
0,1.0,0.0,0.3025785219266238,0.375,0.3333333333333333,0.5541822734678037,1.0
1,1.0,1.0,0.4978259932790342,0.0,0.0,0.600375001533275,1.0
1,1.0,0.0,0.2307642503779142,0.25,0.16666666666666666,0.5172409540933649,0.0
1,0.0,1.0,0.6264965261228748,0.125,0.0,0.6209702814681355,0.0
0,1.0,1.0,0.40799002034336385,0.0,0.0,0.42845836148554584,1.0
1,0.0,1.0,0.667162051622284,0.0,0.0,0.5744411836158962,0.0
0,1.0,1.0,0.4978259932790342,0.0,0.0,0.3774141876810806,1.0
1,1.0,0.0,0.44034960864719086,0.0,0.0,0.3774141876810806,1.0
0,1.0,1.0,0.4978259932790342,0.0,0.0,0.42845836148554584,1.0
1,0.5,0.0,0.3966623340983409,0.0,0.16666666666666666,0.5261635414246925,1.0
0,1.0,1.0,0.42391839883370597,0.0,0.0,0.4568739348653758,1.0
1,1.0,0.0,0.4978259932790342,0.0,0.0,0.4135619907194409,0.5
0,1.0,0.0,0.3966623340983409,0.0,0.0,0.3128440446774492,0.5
0,0.5,1.0,0.44778803129651024,0.25,0.0,0.6173277077533108,1.0
0,1.0,1.0,0.4978259932790342,0.0,0.0,0.42845836148554584,1.0
0,1.0,0.0,0.5475147250141573,0.125,0.16666666666666666,0.5067685847733391,0.5
0,0.5,1.0,0.44034960864719086,0.0,0.0,0.4895936900036676,1.0
0,0.0,1.0,0.6767077140108874,0.0,0.3333333333333333,0.6599819216588341,0.0
1,0.0,1.0,0.6376558435166434,0.25,0.0,0.6681712229656771,1.0
0,1.0,1.0,0.5897450537859864,0.0,0.0,0.3464032120058173,0.0
0,0.0,1.0,0.6209702814681355,0.0,0.0,0.5318744334481107,1.0
0,1.0,1.0,0.5705895260910279,0.0,0.0,0.37464203975759114,1.0
1,1.0,1.0,0.4160650722164084,0.125,0.0,0.43828637974458046,1.0
0,0.5,1.0,0.5475147250141573,0.25,0.0,0.6173277077533108,1.0
0,0.5,1.0,0.45626973624712763,0.0,0.0,0.4895936900036676,1.0
0,1.0,1.0,0.4978259932790342,0.0,0.0,0.4064512868764628,1.0
0,1.0,1.0,0.6033376658922499,0.0,0.0,0.4483469373725304,1.0
1,0.0,0.0,0.4978259932790342,0.125,0.0,0.5916289642426651,1.0
1,0.5,0.0,0.5897450537859864,0.125,0.16666666666666666,0.5777444618916184,1.0
0,0.0,1.0,0.5421291926909031,0.125,0.0,0.5916289642426651,1.0
0,0.5,1.0,0.7415151678247202,0.0,0.0,0.4740870124718861,1.0
1,0.5,1.0,0.5421291926909031,0.0,0.0,0.4895936900036676,1.0
0,0.5,1.0,0.4978259932790342,0.0,0.0,0.0,1.0
0,1.0,1.0,0.3966623340983409,0.0,0.0,0.4064512868764628,1.0
0,1.0,1.0,0.45267818414451816,0.0,0.0,0.4483469373725304,1.0
1,1.0,0.0,0.3966623340983409,0.0,0.0,0.4693035942934258,1.0
0,1.0,0.0,0.6033376658922499,0.125,1.0,0.5850006231744665,1.0
1,0.0,1.0,0.5705895260910279,0.0,0.16666666666666666,1.0,0.0
0,1.0,0.0,0.4978259932790342,0.0,0.0,0.45534061073621074,0.5
1,0.0,1.0,0.4675096096866259,0.0,0.0,0.6209702814681355,0.0
0,1.0,1.0,0.4160650722164084,0.0,0.0,0.46365120912436747,1.0
0,1.0,1.0,0.3662656893461075,0.625,0.3333333333333333,0.5850006231744665,1.0
0,0.5,1.0,0.6852129426187705,0.125,0.16666666666666666,0.5777444618916184,1.0
0,0.5,1.0,0.45626973624712763,0.125,0.3333333333333333,0.5828794417891092,0.0
0,1.0,1.0,0.3662656893461075,0.5,0.16666666666666666,0.5807978374617785,1.0
0,1.0,1.0,0.40799002034336385,0.0,0.0,0.47002244954558114,1.0
0,1.0,1.0,0.3966623340983409,0.0,0.0,0.4117376275840675,1.0
1,0.0,0.0,0.3705765930857424,0.0,0.16666666666666666,0.6974214780639667,1.0
1,0.0,1.0,0.5421291926909031,0.125,0.0,0.603108638839108,1.0
1,1.0,0.0,0.32945315255386226,0.0,0.16666666666666666,0.49540371327431276,0.0
1,1.0,1.0,0.4978259932790342,0.0,0.0,0.600375001533275,1.0
0,1.0,1.0,0.45626973624712763,0.0,0.0,0.3464032120058173,0.0
0,0.0,1.0,0.6852129426187705,0.0,0.0,0.5477878099218253,1.0
0,0.5,1.0,0.6494195154377587,0.0,0.0,0.4961343875757615,1.0
0,1.0,1.0,0.6068484163993966,0.0,0.0,0.4483469373725304,1.0
1,1.0,0.0,0.4978259932790342,0.0,0.0,0.3836826214666587,0.5
0,0.0,1.0,0.6312386886545315,0.125,0.16666666666666666,0.656249213797818,0.0
0,1.0,1.0,0.5987240403310208,0.0,0.0,0.38008805088651243,1.0
1,0.0,0.0,0.3966623340983409,0.125,0.0,0.7112289157385866,0.0
1,0.0,1.0,0.5638056570361273,0.0,0.0,0.5448043910802258,1.0
0,1.0,0.0,0.3966623340983409,0.0,0.16666666666666666,0.49951692650738605,0.0
0,1.0,1.0,0.45626973624712763,0.0,0.0,0.3858486825076953,0.5
0,1.0,1.0,0.4623461705678389,0.125,0.0,0.4167698439704556,1.0
0,0.5,1.0,0.584289009059101,0.0,0.0,0.5373931885097546,1.0
1,0.5,0.0,0.6123987547851958,0.0,0.0,0.4961343875757615,1.0
1,0.0,1.0,0.5987240403310208,0.0,0.0,0.5448043910802258,1.0
1,0.0,0.0,0.43315207853187637,0.0,0.0,0.6807836801695953,1.0
1,1.0,1.0,0.4978259932790342,0.125,0.16666666666666666,0.5048327479576674,0.0
1,0.0,0.0,0.44778803129651024,0.0,0.0,0.5871678927941112,0.0
0,0.0,1.0,0.4978259932790342,0.0,0.0,0.5477878099218253,1.0
1,0.0,1.0,0.6264965261228748,0.125,0.0,0.5916289642426651,1.0
0,1.0,1.0,0.5289318002833451,0.0,0.0,0.46517007535551924,1.0
0,0.5,1.0,0.6494195154377587,0.0,0.0,0.4895936900036676,1.0
0,1.0,1.0,0.40799002034336385,0.0,0.0,0.38008805088651243,1.0
1,0.0,0.0,0.5794308998041521,0.0,0.0,0.7112289157385866,0.0
1,0.5,0.0,0.4675096096866259,0.0,0.0,0.4740870124718861,1.0
0,1.0,1.0,0.4978259932790342,0.0,0.0,0.5067685847733391,0.5
0,1.0,1.0,0.5533351189055027,0.0,0.0,0.4064512868764628,1.0
1,0.5,0.0,0.3419142019380259,0.0,0.16666666666666666,0.5702736913393502,1.0
0,1.0,1.0,0.3866391952087103,0.125,0.0,0.33182441931423634,1.0
0,0.5,1.0,0.5579035407552049,0.0,0.0,0.4895936900036676,1.0
0,0.5,1.0,0.6376558435166434,0.0,0.0,0.4895936900036676,1.0
1,0.0,1.0,0.4675096096866259,0.125,0.0,0.5951117782251508,1.0
0,1.0,1.0,0.4160650722164084,0.0,0.0,0.4599876370181719,1.0
1,0.5,0.0,0.5353177329359075,0.375,0.0,0.5221747008933499,1.0
1,1.0,0.0,0.4978259932790342,0.0,0.0,0.38517447531733023,0.5
0,0.5,1.0,0.45626973624712763,0.125,0.0,0.5373931885097546,1.0
0,1.0,0.0,0.45626973624712763,0.125,0.0,0.43828637974458046,1.0
1,0.0,0.0,0.5289318002833451,0.0,0.0,0.6974214780639667,1.0
0,1.0,1.0,0.3602944976272512,0.0,0.0,0.5162777194118078,0.0
0,0.5,1.0,0.4978259932790342,0.0,0.0,0.0,1.0
0,0.5,1.0,0.44034960864719086,0.0,0.0,0.4895936900036676,1.0
0,0.5,1.0,0.44034960864719086,0.0,0.0,0.4895936900036676,1.0
0,1.0,1.0,0.5258944112628108,0.0,0.0,0.5118652871156263,1.0
0,1.0,0.0,0.6264965261228748,0.125,0.5,0.5721802927901016,1.0
1,0.0,1.0,0.5638056570361273,0.0,0.0,1.0,0.0
0,1.0,1.0,0.4978259932790342,0.0,0.0,0.42845836148554584,1.0
0,1.0,1.0,0.4978259932790342,0.0,0.0,0.42845836148554584,1.0
1,0.0,1.0,0.4978259932790342,0.0,0.0,0.5599434405908574,1.0
0,0.0,1.0,0.5705895260910279,0.125,0.0,0.6264965261228748,1.0
1,0.0,0.0,0.42391839883370597,0.25,0.3333333333333333,0.7315857305611914,0.0
0,1.0,1.0,0.44778803129651024,0.125,0.0,0.5118652871156263,1.0
1,1.0,1.0,0.5421291926909031,0.0,0.0,0.43828637974458046,1.0
0,0.0,1.0,0.7415151678247202,0.125,0.16666666666666666,0.6148255246732606,1.0
0,1.0,1.0,0.3779565283814268,0.125,0.16666666666666666,0.5197013443584122,1.0
1,0.5,0.0,0.5353177329359075,0.0,0.0,0.4895936900036676,1.0
0,0.0,1.0,0.40799002034336385,0.125,0.0,0.5951117782251508,1.0
0,1.0,1.0,0.5421291926909031,0.0,0.0,0.39492446436253303,0.5
1,0.5,0.0,0.32945315255386226,0.125,0.16666666666666666,0.5261635414246925,1.0
1,1.0,1.0,0.3419142019380259,0.0,0.16666666666666666,0.4825135405955714,1.0
0,1.0,1.0,0.5533351189055027,0.0,0.0,0.4664848597225169,1.0
0,1.0,1.0,0.44034960864719086,0.0,0.0,0.42845836148554584,1.0
1,0.5,0.0,0.6264965261228748,0.125,0.3333333333333333,0.6081250559625522,1.0
1,0.5,1.0,0.21655938023389737,0.125,0.16666666666666666,0.5021740067115567,1.0
0,1.0,1.0,0.4978259932790342,0.0,0.0,0.4117376275840675,1.0
0,0.5,1.0,0.3966623340983409,0.0,0.0,0.4795580903960572,1.0
0,1.0,1.0,0.5579035407552049,0.0,0.0,0.4483469373725304,1.0
1,0.0,0.0,0.5533351189055027,0.0,0.0,0.6404030247022602,1.0
0,1.0,1.0,0.4978259932790342,0.0,0.0,0.5021740067115567,1.0
0,1.0,1.0,0.5947186662152916,0.0,0.0,0.3360274863599648,1.0
1,1.0,1.0,0.4160650722164084,0.0,0.0,0.3574588034684496,0.0
1,0.0,0.0,0.5705895260910279,0.125,0.3333333333333333,0.663972513630626,1.0
0,1.0,1.0,0.3779565283814268,0.0,0.0,0.4064512868764628,1.0
1,0.0,0.0,0.6440067577201629,0.125,0.0,0.624236700310742,1.0
0,0.0,1.0,0.4978259932790342,0.0,0.0,0.5794003435231316,0.0
0,1.0,0.0,0.5394862107510237,0.0,0.0,0.39492446436253303,0.5
0,1.0,1.0,0.4978259932790342,0.125,0.0,0.5294376382632878,0.5
0,1.0,1.0,0.5475147250141573,0.0,0.0,0.45630097550970083,1.0
0,1.0,1.0,0.44778803129651024,0.0,0.0,0.4664848597225169,1.0
0,1.0,1.0,0.6264965261228748,0.0,0.0,0.4167698439704556,1.0
0,0.5,0.0,0.6705468474367285,0.0,0.0,0.4740870124718861,1.0
0,1.0,1.0,0.4978259932790342,0.0,0.0,0.3464032120058173,0.0
1,0.5,0.0,0.6571603408131788,0.125,0.5,0.5261635414246925,1.0
0,1.0,1.0,0.3966623340983409,0.0,0.0,0.39492446436253303,1.0
0,1.0,1.0,0.4978259932790342,0.0,0.0,0.39492446436253303,0.5
1,1.0,0.0,0.3390462187492944,0.0,0.0,0.4825135405955714,1.0
0,1.0,1.0,0.4978259932790342,0.0,0.0,0.38517447531733023,0.5
1,0.0,0.0,0.6033376658922499,0.0,0.16666666666666666,0.6974214780639667,1.0
1,1.0,0.0,0.3636766023383753,0.0,0.0,0.3574588034684496,0.0
1,0.0,0.0,0.3866391952087103,0.125,0.0,0.603108638839108,1.0
0,0.0,1.0,0.5289318002833451,0.0,0.0,0.5599434405908574,1.0
0,1.0,1.0,0.4978259932790342,0.125,0.3333333333333333,0.5276706661091919,1.0
0,1.0,1.0,0.45626973624712763,0.0,0.0,0.3270734992848313,1.0
0,1.0,1.0,0.45626973624712763,0.0,0.0,0.36814570743360975,1.0
1,1.0,0.0,0.3966623340983409,0.0,0.0,0.37464203975759114,1.0
0,1.0,1.0,0.34894368318324626,0.5,0.16666666666666666,0.5573255055537766,0.5
1,1.0,1.0,0.27981739789987237,0.125,0.3333333333333333,0.5211836891200355,1.0
0,0.0,1.0,0.6173277077533108,0.0,0.0,0.6288284496418153,0.0
0,1.0,1.0,0.4978259932790342,0.0,0.0,0.39492446436253303,0.5
0,0.5,1.0,0.3779565283814268,0.0,0.0,0.5373931885097546,1.0
0,1.0,0.0,0.4978259932790342,1.0,0.3333333333333333,0.6123987547851958,1.0
0,0.0,1.0,0.4978259932790342,0.0,0.0,0.5638355581040989,0.0
0,1.0,1.0,0.45626973624712763,0.0,0.0,0.42845836148554584,1.0
0,0.5,1.0,0.584289009059101,0.0,0.0,0.4895936900036676,1.0
1,0.0,0.0,0.6312386886545315,0.0,0.0,0.5327462275907253,1.0
1,1.0,0.0,0.5421291926909031,0.0,0.0,0.46185600715669317,1.0
0,1.0,1.0,0.5353177329359075,0.0,0.0,0.3574588034684496,0.0
0,1.0,0.0,0.5353177329359075,0.125,0.16666666666666666,0.5294376382632878,1.0
0,0.5,1.0,0.5579035407552049,0.0,0.0,0.4895936900036676,1.0
1,0.5,0.0,0.5421291926909031,0.125,0.16666666666666666,0.5429282407860633,1.0
1,0.0,1.0,0.3602944976272512,0.125,0.3333333333333333,0.663972513630626,1.0
1,1.0,1.0,0.0,0.0,0.16666666666666666,0.45742969626988617,0.0
1,1.0,1.0,0.4675096096866259,0.0,0.0,0.3192163198209954,1.0
0,1.0,1.0,0.5421291926909031,0.0,0.0,0.4064512868764628,1.0
0,0.0,1.0,0.584289009059101,0.0,0.0,0.0,1.0
0,1.0,0.0,0.3966623340983409,0.0,0.0,0.4064512868764628,1.0
0,0.5,1.0,0.584289009059101,0.0,0.0,0.4895936900036676,1.0
1,0.0,0.0,0.5533351189055027,0.125,0.0,0.5951117782251508,1.0
0,1.0,1.0,0.4623461705678389,0.0,0.0,0.4213993902704547,1.0
0,1.0,1.0,0.584289009059101,0.0,0.0,0.5294376382632878,1.0
0,0.5,1.0,0.5638056570361273,0.0,0.0,0.4740870124718861,1.0
0,1.0,0.0,0.3419142019380259,0.5,0.3333333333333333,0.5665407176699173,1.0
0,1.0,1.0,0.5394862107510237,0.0,0.0,0.4483469373725304,1.0
0,0.0,1.0,0.4978259932790342,0.0,0.0,0.0,1.0
0,1.0,0.0,0.44034960864719086,0.0,0.0,0.43828637974458046,1.0
0,0.5,1.0,0.5421291926909031,0.125,0.16666666666666666,0.5760816011568849,0.0
0,1.0,1.0,0.6033376658922499,0.0,0.0,0.3049620868958598,1.0
0,1.0,1.0,0.35817933262972357,0.375,0.3333333333333333,0.5541822734678037,1.0
1,0.0,0.0,0.6494195154377587,0.125,0.16666666666666666,0.6494195154377587,1.0
1,1.0,1.0,0.4675096096866259,0.0,0.0,0.4599876370181719,1.0
0,0.0,1.0,0.5794308998041521,0.0,0.0,0.0,1.0
1,1.0,0.0,0.4675096096866259,0.0,0.16666666666666666,0.4825135405955714,1.0
0,1.0,1.0,0.3025785219266238,0.5,0.16666666666666666,0.5807978374617785,1.0
0,1.0,1.0,0.4978259932790342,0.0,0.0,0.31660358567254165,0.5
0,1.0,1.0,0.4978259932790342,0.0,0.0,0.600375001533275,1.0
1,0.5,1.0,0.27981739789987237,0.0,0.3333333333333333,0.5760816011568849,0.0
1,1.0,1.0,0.4978259932790342,0.0,0.0,0.39492446436253303,0.5
1,0.0,0.0,0.6994517549420707,0.0,0.0,0.6324753476211937,1.0
1,1.0,0.0,0.3705765930857424,0.125,0.0,0.49951692650738605,0.0
1,0.5,1.0,0.25266600047362514,0.125,0.16666666666666666,0.515770221625511,1.0
0,1.0,1.0,0.4978259932790342,0.0,0.0,0.3574588034684496,0.0
0,1.0,1.0,0.44034960864719086,0.0,0.0,0.4167698439704556,1.0
0,1.0,1.0,0.3966623340983409,0.0,0.0,0.45609370089062606,1.0
1,0.0,0.0,0.584289009059101,0.125,0.16666666666666666,0.6363233976522155,0.0
0,1.0,1.0,0.42391839883370597,0.0,0.0,0.4599876370181719,1.0
0,1.0,1.0,0.4978259932790342,0.0,0.0,0.4483469373725304,1.0
1,1.0,1.0,0.5475147250141573,0.0,0.0,0.600375001533275,1.0
1,0.0,1.0,0.4978259932790342,0.0,0.0,0.558774541820896,0.0
0,1.0,1.0,0.4160650722164084,0.0,0.0,0.43828637974458046,1.0
0,0.5,1.0,0.3779565283814268,0.0,0.0,0.4740870124718861,1.0
1,0.0,0.0,0.5353177329359075,0.0,0.0,0.5647115128375297,0.0
0,1.0,1.0,0.5607086514893244,0.0,0.0,0.304317252670955,0.0
0,1.0,1.0,0.3866391952087103,0.0,0.0,0.4599876370181719,1.0
0,1.0,1.0,0.5987240403310208,0.0,0.0,0.3774141876810806,1.0
0,1.0,1.0,0.4978259932790342,1.0,0.3333333333333333,0.6123987547851958,1.0
0,1.0,1.0,0.5638056570361273,0.0,0.0,0.42845836148554584,0.0
0,0.5,1.0,0.4978259932790342,0.0,0.16666666666666666,0.5702736913393502,1.0
1,0.0,0.0,0.4978259932790342,0.125,0.0,0.6429408212093506,0.0
0,1.0,1.0,0.32945315255386226,0.5,0.3333333333333333,0.5665407176699173,1.0
0,1.0,1.0,0.7866027180171744,0.0,0.0,0.4064512868764628,1.0
0,1.0,0.0,0.35449345011636557,0.125,0.16666666666666666,0.5048327479576674,0.0
1,0.0,0.0,0.3779565283814268,0.0,0.16666666666666666,0.5786672392702751,1.0
0,0.5,0.0,0.6068484163993966,0.125,0.0,0.5373931885097546,1.0
1,1.0,0.0,0.3966623340983409,0.0,0.16666666666666666,0.46436884320004346,1.0
1,0.0,0.0,0.6123987547851958,0.125,0.16666666666666666,0.6907812205537641,1.0
1,0.0,1.0,0.6440067577201629,0.0,0.0,0.5477878099218253,1.0
1,1.0,0.0,0.44778803129651024,0.0,0.5,0.5172409540933649,0.0
0,1.0,1.0,0.4978259932790342,0.0,0.0,0.3574588034684496,0.0
0,1.0,1.0,0.5947186662152916,0.25,0.0,0.49783062216477886,1.0
0,0.5,1.0,0.42391839883370597,0.125,0.0,0.4795580903960572,1.0
1,0.0,0.0,0.6264965261228748,0.0,0.0,0.5327462275907253,1.0
0,1.0,0.0,0.4978259932790342,1.0,0.3333333333333333,0.6123987547851958,1.0
0,0.5,1.0,0.44778803129651024,0.0,0.0,0.4895936900036676,1.0
1,0.5,0.0,0.5987240403310208,0.0,0.0,0.4895936900036676,1.0
1,0.5,0.0,0.4675096096866259,0.125,0.0,0.4971326981738879,0.0
0,0.0,1.0,0.5421291926909031,0.0,0.0,0.588442847841455,1.0
0,1.0,1.0,0.4978259932790342,0.0,0.0,0.4664848597225169,1.0
1,1.0,1.0,0.32945315255386226,0.125,0.16666666666666666,0.4783210927660373,1.0
0,1.0,1.0,0.4623461705678389,0.0,0.0,0.42845836148554584,1.0
1,0.0,0.0,0.6209702814681355,0.125,0.16666666666666666,0.5939371525276729,1.0
0,0.0,1.0,0.5533351189055027,0.0,0.0,0.2983546299687529,1.0
0,1.0,1.0,0.6209702814681355,0.0,0.0,0.46301599083448797,1.0
1,0.5,0.0,0.4978259932790342,0.125,0.0,0.5281745367322644,0.0
1,1.0,0.0,0.3705765930857424,0.0,0.0,0.3464032120058173,0.0
0,1.0,1.0,0.4160650722164084,0.0,0.0,0.46932306434951376,1.0
0,1.0,1.0,0.40799002034336385,0.0,0.0,0.42845836148554584,1.0
0,1.0,1.0,0.4978259932790342,0.0,0.0,0.42845836148554584,1.0
1,0.0,0.0,0.667162051622284,0.0,0.16666666666666666,0.6363233976522155,0.0
1,0.5,0.0,0.45626973624712763,0.0,0.16666666666666666,0.5373931885097546,1.0
0,1.0,1.0,0.5533351189055027,0.0,0.0,0.42845836148554584,1.0
0,1.0,0.0,0.43315207853187637,0.0,0.0,0.47734333534392903,1.0
0,0.5,1.0,0.4978259932790342,0.0,0.0,0.4740870124718861,1.0
0,1.0,1.0,0.45626973624712763,0.0,0.0,0.3270734992848313,1.0
0,1.0,0.0,0.584289009059101,0.0,0.8333333333333333,0.5573255055537766,0.5
0,0.5,1.0,0.4675096096866259,0.0,0.0,0.4895936900036676,1.0
1,0.0,0.0,0.40799002034336385,0.0,0.0,0.5599434405908574,1.0
0,1.0,0.0,0.4978259932790342,0.125,0.3333333333333333,0.5276706661091919,1.0
1,0.0,1.0,0.4623461705678389,0.0,0.0,0.5599434405908574,0.0
0,1.0,1.0,0.5475147250141573,0.0,0.0,0.39492446436253303,0.5
